{"cameraMode":{"drawMode":0,"name":"Shaded","section":"Shading Mode"},"sceneLighting":true,"audioPlay":false,"sceneViewState":{"m_AlwaysRefresh":false,"showFog":false,"showSkybox":false,"showFlares":false,"showImageEffects":false,"showParticleSystems":false,"showVisualEffectGraphs":true,"m_FxEnabled":true},"in2DMode":false,"pivot":{"x":8.090963363647461,"y":-6.01285982131958,"z":0.48819565773010256},"rotation":{"x":0.03898938372731209,"y":-0.005995393730700016,"z":0.00023408833658322692,"w":0.9992237091064453},"size":6.423539638519287,"orthographic":false}