{"cameraMode":{"drawMode":0,"name":"Shaded","section":"Shading Mode"},"sceneLighting":true,"audioPlay":false,"sceneViewState":{"m_AlwaysRefresh":false,"showFog":false,"showSkybox":false,"showFlares":false,"showImageEffects":false,"showParticleSystems":false,"showVisualEffectGraphs":true,"m_FxEnabled":true},"in2DMode":false,"pivot":{"x":7.583217144012451,"y":-6.449001312255859,"z":0.5043168067932129},"rotation":{"x":0.04037507250905037,"y":-0.07486846297979355,"z":0.0030335697811096908,"w":0.9963737726211548},"size":7.442846298217773,"orthographic":true}