{"cameraMode":{"drawMode":0,"name":"Shaded","section":"Shading Mode"},"sceneLighting":true,"audioPlay":false,"sceneViewState":{"m_AlwaysRefresh":false,"showFog":false,"showSkybox":false,"showFlares":false,"showImageEffects":false,"showParticleSystems":false,"showVisualEffectGraphs":true,"m_FxEnabled":true},"in2DMode":false,"pivot":{"x":12.42717170715332,"y":4.2938947677612309,"z":-10.377487182617188},"rotation":{"x":0.07490536570549011,"y":0.025425748899579049,"z":-0.001910327817313373,"w":0.9968678951263428},"size":9.00571060180664,"orthographic":true}