{"cameraMode":{"drawMode":0,"name":"Shaded","section":"Shading Mode"},"sceneLighting":true,"audioPlay":false,"sceneViewState":{"m_AlwaysRefresh":false,"showFog":false,"showSkybox":false,"showFlares":false,"showImageEffects":false,"showParticleSystems":false,"showVisualEffectGraphs":true,"m_FxEnabled":true},"in2DMode":false,"pivot":{"x":8.10781478881836,"y":-6.120519638061523,"z":-0.23306798934936524},"rotation":{"x":0.04037507250905037,"y":-0.07486846297979355,"z":0.0030335697811096908,"w":0.9963737726211548},"size":7.696771144866943,"orthographic":true}