{"cameraMode":{"drawMode":0,"name":"Shaded","section":"Shading Mode"},"sceneLighting":true,"audioPlay":false,"sceneViewState":{"m_AlwaysRefresh":false,"showFog":false,"showSkybox":false,"showFlares":false,"showImageEffects":false,"showParticleSystems":false,"showVisualEffectGraphs":true,"m_FxEnabled":true},"in2DMode":false,"pivot":{"x":5.834667682647705,"y":-5.081580638885498,"z":0.5210399627685547},"rotation":{"x":0.019497616216540338,"y":-0.010497815907001496,"z":0.00020488191512413323,"w":0.9997568726539612},"size":7.966971397399902,"orthographic":false}