{"cameraMode":{"drawMode":0,"name":"Shaded","section":"Shading Mode"},"sceneLighting":true,"audioPlay":false,"sceneViewState":{"m_AlwaysRefresh":false,"showFog":false,"showSkybox":false,"showFlares":false,"showImageEffects":false,"showParticleSystems":false,"showVisualEffectGraphs":true,"m_FxEnabled":true},"in2DMode":false,"pivot":{"x":0.0394667387008667,"y":-1.5093417167663575,"z":3.197617530822754},"rotation":{"x":0.25787270069122317,"y":-0.11734668910503388,"z":0.031571365892887118,"w":0.9585185647010803},"size":2.499037981033325,"orthographic":false}