{"cameraMode":{"drawMode":0,"name":"Shaded","section":"Shading Mode"},"sceneLighting":true,"audioPlay":false,"sceneViewState":{"m_AlwaysRefresh":false,"showFog":false,"showSkybox":false,"showFlares":false,"showImageEffects":false,"showParticleSystems":false,"showVisualEffectGraphs":true,"m_FxEnabled":true},"in2DMode":false,"pivot":{"x":9.034749031066895,"y":-6.251741409301758,"z":0.5425014495849609},"rotation":{"x":0.019497616216540338,"y":-0.010497815907001496,"z":0.00020488191512413323,"w":0.9997568726539612},"size":6.68869686126709,"orthographic":false}