{"cameraMode":{"drawMode":0,"name":"Shaded","section":"Shading Mode"},"sceneLighting":true,"audioPlay":false,"sceneViewState":{"m_AlwaysRefresh":false,"showFog":false,"showSkybox":false,"showFlares":false,"showImageEffects":false,"showParticleSystems":false,"showVisualEffectGraphs":true,"m_FxEnabled":true},"in2DMode":false,"pivot":{"x":10.181026458740235,"y":-3.6090078353881838,"z":3.898622512817383},"rotation":{"x":-0.520819365978241,"y":0.004890823271125555,"z":-0.0029779027681797745,"w":-0.8536677360534668},"size":15.631750106811524,"orthographic":false}