{"cameraMode":{"drawMode":0,"name":"Shaded","section":"Shading Mode"},"sceneLighting":true,"audioPlay":false,"sceneViewState":{"m_AlwaysRefresh":false,"showFog":false,"showSkybox":false,"showFlares":false,"showImageEffects":false,"showParticleSystems":false,"showVisualEffectGraphs":true,"m_FxEnabled":true},"in2DMode":false,"pivot":{"x":10.948472023010254,"y":10.308953285217286,"z":10.827381134033204},"rotation":{"x":-0.029962770640850068,"y":0.048872146755456927,"z":-0.0014284675708040596,"w":-0.9983949065208435},"size":11.629735946655274,"orthographic":true}