{"cameraMode":{"drawMode":0,"name":"Shaded","section":"Shading Mode"},"sceneLighting":true,"audioPlay":false,"sceneViewState":{"m_AlwaysRefresh":false,"showFog":false,"showSkybox":false,"showFlares":false,"showImageEffects":false,"showParticleSystems":false,"showVisualEffectGraphs":true,"m_FxEnabled":true},"in2DMode":false,"pivot":{"x":5.378284931182861,"y":-5.835134983062744,"z":0.02293252944946289},"rotation":{"x":0.04037507250905037,"y":-0.07486846297979355,"z":0.0030335697811096908,"w":0.9963737726211548},"size":7.099362850189209,"orthographic":true}